{"cameraMode":{"drawMode":0,"name":"Shaded","section":"Shading Mode"},"sceneLighting":true,"audioPlay":false,"sceneViewState":{"m_AlwaysRefresh":false,"showFog":true,"showSkybox":true,"showFlares":true,"showImageEffects":true,"showParticleSystems":true,"showVisualEffectGraphs":true,"m_FxEnabled":true},"in2DMode":false,"pivot":{"x":-3.5933234691619875,"y":-7.703118324279785,"z":-5.814864635467529},"rotation":{"x":-0.008778280578553677,"y":0.9801670908927918,"z":-0.19359131157398225,"w":-0.04441444203257561},"size":19.345321655273439,"orthographic":false}