{"cameraMode":{"drawMode":0,"name":"Shaded","section":"Shading Mode"},"sceneLighting":false,"audioPlay":false,"sceneViewState":{"m_AlwaysRefresh":false,"showFog":true,"showSkybox":false,"showFlares":true,"showImageEffects":true,"showParticleSystems":true,"showVisualEffectGraphs":true,"m_FxEnabled":true},"in2DMode":false,"pivot":{"x":-0.11937078833580017,"y":0.31239956617355349,"z":0.20660582184791566},"rotation":{"x":0.07117842882871628,"y":-0.8359866738319397,"z":0.11177709698677063,"w":0.5326535701751709},"size":0.30019259452819826,"orthographic":false}