{"cameraMode":{"drawMode":0,"name":"Shaded","section":"Shading Mode"},"sceneLighting":false,"audioPlay":false,"sceneViewState":{"m_AlwaysRefresh":false,"showFog":true,"showSkybox":false,"showFlares":true,"showImageEffects":true,"showParticleSystems":true,"showVisualEffectGraphs":true,"m_FxEnabled":true},"in2DMode":false,"pivot":{"x":-0.7610285878181458,"y":0.06717954576015473,"z":0.3169489800930023},"rotation":{"x":-0.05225513502955437,"y":-0.7444030046463013,"z":-0.05861897021532059,"w":0.6632186770439148},"size":0.1899666041135788,"orthographic":false}